{
  "uttid": "0686-0001",
  "words": {
    "sentence": [
      "IN",
      "THIS",
      "PRESENTATION",
      "I",
      "AM",
      "GOING",
      "COMPARE",
      "THESE",
      "UNIVERSITIES",
      "TUITION",
      "CLIMATE",
      "AND",
      "ACCOMMODATION",
      "FORM"
    ],
    "interval": [
      [
        0.0,
        0.89
      ],
      [
        0.89,
        1.0
      ],
      [
        1.0,
        1.36
      ],
      [
        1.94,
        2.11
      ],
      [
        2.11,
        2.32
      ],
      [
        2.32,
        2.58
      ],
      [
        2.58,
        3.34
      ],
      [
        3.34,
        3.45
      ],
      [
        3.45,
        5.53
      ],
      [
        5.53,
        6.23
      ],
      [
        6.23,
        7.08
      ],
      [
        7.13,
        7.73
      ],
      [
        7.73,
        8.77
      ],
      [
        8.77,
        9.11
      ]
    ],
    "disfluency_label": [
      0,
      0,
      0,
      0,
      0,
      0,
      0,
      0,
      1,
      1,
      1,
      0,
      0,
      0
    ],
    "att_based_D_on_src": {
      "interval": [
        [
          3.45,
          5.53
        ],
        [
          5.53,
          6.23
        ],
        [
          7.73,
          8.77
        ]
      ],
      "disfluency_label": [
        0,
        0,
        0,
        0,
        0,
        0,
        0,
        0,
        1,
        1,
        0,
        0,
        1,
        0
      ],
      "f1": 0.6666666666666666,
      "precision": 0.6666666666666666,
      "recall": 0.6666666666666666,
      "tp": 2,
      "fp": 1,
      "tn": 10,
      "fn": 1
    },
    "hs_based_D_on_src_novc": {
      "interval": [
        [
          6.23,
          7.08
        ],
        [
          7.13,
          7.73
        ],
        [
          7.73,
          8.77
        ]
      ],
      "disfluency_label": [
        0,
        0,
        0,
        0,
        0,
        0,
        0,
        0,
        0,
        0,
        1,
        1,
        1,
        0
      ],
      "f1": 0.3333333333333333,
      "precision": 0.3333333333333333,
      "recall": 0.3333333333333333,
      "tp": 1,
      "fp": 2,
      "tn": 9,
      "fn": 2
    },
    "zs_based_D_on_src_novc": {
      "interval": [
        [
          3.34,
          3.45
        ],
        [
          3.45,
          5.53
        ],
        [
          5.53,
          6.23
        ]
      ],
      "disfluency_label": [
        0,
        0,
        0,
        0,
        0,
        0,
        0,
        1,
        1,
        1,
        0,
        0,
        0,
        0
      ],
      "f1": 0.6666666666666666,
      "precision": 0.6666666666666666,
      "recall": 0.6666666666666666,
      "tp": 2,
      "fp": 1,
      "tn": 10,
      "fn": 1
    },
    "hs_based_D_on_src": {
      "interval": [
        [
          0.0,
          0.89
        ],
        [
          2.32,
          2.58
        ],
        [
          2.58,
          3.34
        ],
        [
          3.45,
          5.53
        ],
        [
          5.53,
          6.23
        ]
      ],
      "disfluency_label": [
        1,
        0,
        0,
        0,
        0,
        1,
        1,
        0,
        1,
        1,
        0,
        0,
        0,
        0
      ],
      "f1": 0.5,
      "precision": 0.4,
      "recall": 0.6666666666666666,
      "tp": 2,
      "fp": 3,
      "tn": 8,
      "fn": 1
    },
    "zs_based_D_on_src": {
      "interval": [
        [
          1.94,
          2.11
        ],
        [
          3.45,
          5.53
        ],
        [
          7.13,
          7.73
        ],
        [
          7.73,
          8.77
        ]
      ],
      "disfluency_label": [
        0,
        0,
        0,
        1,
        0,
        0,
        0,
        0,
        1,
        0,
        0,
        1,
        1,
        0
      ],
      "f1": 0.28571428571428575,
      "precision": 0.25,
      "recall": 0.3333333333333333,
      "tp": 1,
      "fp": 3,
      "tn": 8,
      "fn": 2
    },
    "zs_hs_based_D_on_src": {
      "interval": [
        [
          3.45,
          5.53
        ],
        [
          5.53,
          6.23
        ],
        [
          7.13,
          7.73
        ],
        [
          7.73,
          8.77
        ]
      ],
      "disfluency_label": [
        0,
        0,
        0,
        0,
        0,
        0,
        0,
        0,
        1,
        1,
        0,
        1,
        1,
        0
      ],
      "f1": 0.5714285714285715,
      "precision": 0.5,
      "recall": 0.6666666666666666,
      "tp": 2,
      "fp": 2,
      "tn": 9,
      "fn": 1
    },
    "ASR": {
      "disfluency_label": [
        0,
        0,
        0,
        0,
        0,
        0,
        0,
        0,
        0,
        0,
        0,
        0,
        0,
        0,
        1,
        0,
        1,
        0
      ],
      "f1": 0,
      "precision": 0,
      "recall": 0.0,
      "tp": 0,
      "fp": 0,
      "tn": 11,
      "fn": 3
    }
  }
}