{
  "uttid": "0730-0000",
  "words": {
    "sentence": [
      "IF",
      "I",
      "DON'T",
      "KNOW",
      "THAT",
      "I'LL",
      "BE",
      "NOT",
      "ABLE",
      "TO",
      "EVACUATE",
      "SOON"
    ],
    "interval": [
      [
        0.01,
        0.21
      ],
      [
        0.21,
        0.37
      ],
      [
        0.37,
        0.63
      ],
      [
        0.63,
        0.87
      ],
      [
        0.87,
        1.87
      ],
      [
        2.13,
        2.62
      ],
      [
        2.62,
        2.79
      ],
      [
        2.8,
        2.95
      ],
      [
        2.95,
        3.06
      ],
      [
        3.06,
        3.88
      ],
      [
        3.88,
        4.41
      ],
      [
        4.41,
        4.93
      ]
    ],
    "disfluency_label": [
      0,
      0,
      0,
      0,
      1,
      1,
      1,
      0,
      0,
      0,
      0,
      0
    ],
    "att_based_D_on_src": {
      "interval": [
        [
          0.01,
          0.21
        ],
        [
          0.21,
          0.37
        ],
        [
          0.37,
          0.63
        ],
        [
          0.63,
          0.87
        ],
        [
          0.87,
          1.87
        ],
        [
          2.13,
          2.62
        ],
        [
          2.62,
          2.79
        ],
        [
          2.8,
          2.95
        ],
        [
          2.95,
          3.06
        ],
        [
          3.06,
          3.88
        ],
        [
          3.88,
          4.41
        ],
        [
          4.41,
          4.93
        ]
      ],
      "disfluency_label": [
        1,
        1,
        1,
        1,
        1,
        1,
        1,
        1,
        1,
        1,
        1,
        1
      ],
      "f1": 0.4,
      "precision": 0.25,
      "recall": 1.0,
      "tp": 3,
      "fp": 9,
      "tn": 0,
      "fn": 0
    },
    "hs_based_D_on_src_novc": {
      "interval": [
        [
          0.87,
          1.87
        ],
        [
          3.88,
          4.41
        ],
        [
          4.41,
          4.93
        ]
      ],
      "disfluency_label": [
        0,
        0,
        0,
        0,
        1,
        0,
        0,
        0,
        0,
        0,
        1,
        1
      ],
      "f1": 0.3333333333333333,
      "precision": 0.3333333333333333,
      "recall": 0.3333333333333333,
      "tp": 1,
      "fp": 2,
      "tn": 7,
      "fn": 2
    },
    "zs_based_D_on_src_novc": {
      "interval": [
        [
          0.87,
          1.87
        ]
      ],
      "disfluency_label": [
        0,
        0,
        0,
        0,
        1,
        0,
        0,
        0,
        0,
        0,
        0,
        0
      ],
      "f1": 0.5,
      "precision": 1.0,
      "recall": 0.3333333333333333,
      "tp": 1,
      "fp": 0,
      "tn": 9,
      "fn": 2
    },
    "hs_based_D_on_src": {
      "interval": [],
      "disfluency_label": [
        0,
        0,
        0,
        0,
        0,
        0,
        0,
        0,
        0,
        0,
        0,
        0
      ],
      "f1": 0,
      "precision": 0,
      "recall": 0.0,
      "tp": 0,
      "fp": 0,
      "tn": 9,
      "fn": 3
    },
    "zs_based_D_on_src": {
      "interval": [],
      "disfluency_label": [
        0,
        0,
        0,
        0,
        0,
        0,
        0,
        0,
        0,
        0,
        0,
        0
      ],
      "f1": 0,
      "precision": 0,
      "recall": 0.0,
      "tp": 0,
      "fp": 0,
      "tn": 9,
      "fn": 3
    },
    "zs_hs_based_D_on_src": {
      "interval": [
        [
          0.63,
          0.87
        ],
        [
          0.87,
          1.87
        ],
        [
          2.13,
          2.62
        ]
      ],
      "disfluency_label": [
        0,
        0,
        0,
        1,
        1,
        1,
        0,
        0,
        0,
        0,
        0,
        0
      ],
      "f1": 0.6666666666666666,
      "precision": 0.6666666666666666,
      "recall": 0.6666666666666666,
      "tp": 2,
      "fp": 1,
      "tn": 8,
      "fn": 1
    },
    "ASR": {
      "disfluency_label": [
        0,
        0,
        0,
        0,
        0,
        1,
        0,
        0,
        0,
        0,
        0,
        0
      ],
      "f1": 0.5,
      "precision": 1.0,
      "recall": 0.3333333333333333,
      "tp": 1,
      "fp": 0,
      "tn": 9,
      "fn": 2
    }
  }
}