{
  "uttid": "0738-0001",
  "words": {
    "sentence": [
      "THAT",
      "BEEN",
      "GOING",
      "ON",
      "FOR",
      "DAYS",
      "AND",
      "SHE",
      "DOESN'T",
      "KNOW",
      "WHAT",
      "TO",
      "DO"
    ],
    "interval": [
      [
        0.01,
        0.28
      ],
      [
        0.44,
        1.64
      ],
      [
        1.67,
        2.43
      ],
      [
        2.43,
        2.94
      ],
      [
        2.94,
        3.4
      ],
      [
        3.4,
        3.94
      ],
      [
        4.08,
        4.32
      ],
      [
        4.32,
        4.36
      ],
      [
        4.36,
        5.45
      ],
      [
        5.45,
        5.74
      ],
      [
        5.82,
        6.08
      ],
      [
        6.08,
        6.24
      ],
      [
        6.24,
        6.48
      ]
    ],
    "disfluency_label": [
      0,
      1,
      1,
      1,
      0,
      0,
      0,
      0,
      0,
      0,
      0,
      1,
      0
    ],
    "att_based_D_on_src": {
      "interval": [
        [
          0.44,
          1.64
        ],
        [
          1.67,
          2.43
        ],
        [
          2.43,
          2.94
        ]
      ],
      "disfluency_label": [
        0,
        1,
        1,
        1,
        0,
        0,
        0,
        0,
        0,
        0,
        0,
        0,
        0
      ],
      "f1": 0.8571428571428571,
      "precision": 1.0,
      "recall": 0.75,
      "tp": 3,
      "fp": 0,
      "tn": 9,
      "fn": 1
    },
    "hs_based_D_on_src_novc": {
      "interval": [
        [
          0.44,
          1.64
        ],
        [
          3.4,
          3.94
        ],
        [
          5.82,
          6.08
        ]
      ],
      "disfluency_label": [
        0,
        1,
        0,
        0,
        0,
        1,
        0,
        0,
        0,
        0,
        1,
        0,
        0
      ],
      "f1": 0.28571428571428575,
      "precision": 0.3333333333333333,
      "recall": 0.25,
      "tp": 1,
      "fp": 2,
      "tn": 7,
      "fn": 3
    },
    "zs_based_D_on_src_novc": {
      "interval": [
        [
          2.43,
          2.94
        ],
        [
          2.94,
          3.4
        ],
        [
          4.36,
          5.45
        ],
        [
          5.45,
          5.74
        ]
      ],
      "disfluency_label": [
        0,
        0,
        0,
        1,
        1,
        0,
        0,
        0,
        1,
        1,
        0,
        0,
        0
      ],
      "f1": 0.25,
      "precision": 0.25,
      "recall": 0.25,
      "tp": 1,
      "fp": 3,
      "tn": 6,
      "fn": 3
    },
    "hs_based_D_on_src": {
      "interval": [
        [
          1.67,
          2.43
        ],
        [
          2.43,
          2.94
        ],
        [
          2.94,
          3.4
        ],
        [
          4.08,
          4.32
        ],
        [
          4.36,
          5.45
        ]
      ],
      "disfluency_label": [
        0,
        0,
        1,
        1,
        1,
        0,
        1,
        0,
        1,
        0,
        0,
        0,
        0
      ],
      "f1": 0.4444444444444445,
      "precision": 0.4,
      "recall": 0.5,
      "tp": 2,
      "fp": 3,
      "tn": 6,
      "fn": 2
    },
    "zs_based_D_on_src": {
      "interval": [
        [
          0.44,
          1.64
        ],
        [
          3.4,
          3.94
        ],
        [
          4.08,
          4.32
        ]
      ],
      "disfluency_label": [
        0,
        1,
        0,
        0,
        0,
        1,
        1,
        0,
        0,
        0,
        0,
        0,
        0
      ],
      "f1": 0.28571428571428575,
      "precision": 0.3333333333333333,
      "recall": 0.25,
      "tp": 1,
      "fp": 2,
      "tn": 7,
      "fn": 3
    },
    "zs_hs_based_D_on_src": {
      "interval": [
        [
          0.44,
          1.64
        ],
        [
          1.67,
          2.43
        ],
        [
          2.43,
          2.94
        ],
        [
          4.36,
          5.45
        ],
        [
          5.45,
          5.74
        ],
        [
          5.82,
          6.08
        ]
      ],
      "disfluency_label": [
        0,
        1,
        1,
        1,
        0,
        0,
        0,
        0,
        1,
        1,
        1,
        0,
        0
      ],
      "f1": 0.6,
      "precision": 0.5,
      "recall": 0.75,
      "tp": 3,
      "fp": 3,
      "tn": 6,
      "fn": 1
    },
    "ASR": {
      "disfluency_label": [
        1,
        1,
        0,
        0,
        0,
        0,
        0,
        0,
        0,
        0,
        0,
        0,
        0
      ],
      "f1": 0.3333333333333333,
      "precision": 0.5,
      "recall": 0.25,
      "tp": 1,
      "fp": 1,
      "tn": 8,
      "fn": 3
    }
  }
}