{
  "uttid": "0693-0000",
  "words": {
    "sentence": [
      "W",
      "H",
      "O",
      "HAS",
      "SUCCESSFULLY",
      "ERADICATED",
      "SMALLPOX",
      "INFECTION",
      "SMALLPOX",
      "EXTREMELY",
      "SPREAD",
      "AND",
      "LEADS",
      "DEATH"
    ],
    "interval": [
      [
        0.04,
        0.57
      ],
      [
        0.57,
        0.94
      ],
      [
        0.94,
        1.19
      ],
      [
        1.19,
        1.49
      ],
      [
        1.49,
        2.31
      ],
      [
        2.31,
        3.35
      ],
      [
        3.35,
        4.05
      ],
      [
        4.05,
        4.72
      ],
      [
        5.62,
        6.44
      ],
      [
        6.44,
        7.52
      ],
      [
        7.52,
        8.12
      ],
      [
        8.12,
        8.7
      ],
      [
        8.7,
        9.73
      ],
      [
        9.73,
        9.97
      ]
    ],
    "disfluency_label": [
      0,
      0,
      0,
      0,
      0,
      0,
      0,
      0,
      0,
      1,
      0,
      1,
      0,
      1
    ],
    "att_based_D_on_src": {
      "interval": [
        [
          0.57,
          0.94
        ],
        [
          1.49,
          2.31
        ],
        [
          4.05,
          4.72
        ],
        [
          6.44,
          7.52
        ],
        [
          7.52,
          8.12
        ],
        [
          8.7,
          9.73
        ]
      ],
      "disfluency_label": [
        0,
        1,
        0,
        0,
        1,
        0,
        0,
        1,
        0,
        1,
        1,
        0,
        1,
        0
      ],
      "f1": 0.2222222222222222,
      "precision": 0.16666666666666666,
      "recall": 0.3333333333333333,
      "tp": 1,
      "fp": 5,
      "tn": 6,
      "fn": 2
    },
    "hs_based_D_on_src_novc": {
      "interval": [
        [
          0.04,
          0.57
        ],
        [
          1.49,
          2.31
        ],
        [
          2.31,
          3.35
        ],
        [
          6.44,
          7.52
        ],
        [
          7.52,
          8.12
        ],
        [
          8.12,
          8.7
        ]
      ],
      "disfluency_label": [
        1,
        0,
        0,
        0,
        1,
        1,
        0,
        0,
        0,
        1,
        1,
        1,
        0,
        0
      ],
      "f1": 0.4444444444444444,
      "precision": 0.3333333333333333,
      "recall": 0.6666666666666666,
      "tp": 2,
      "fp": 4,
      "tn": 7,
      "fn": 1
    },
    "zs_based_D_on_src_novc": {
      "interval": [
        [
          2.31,
          3.35
        ],
        [
          3.35,
          4.05
        ],
        [
          8.7,
          9.73
        ],
        [
          9.73,
          9.97
        ]
      ],
      "disfluency_label": [
        0,
        0,
        0,
        0,
        0,
        1,
        1,
        0,
        0,
        0,
        0,
        0,
        1,
        1
      ],
      "f1": 0.28571428571428575,
      "precision": 0.25,
      "recall": 0.3333333333333333,
      "tp": 1,
      "fp": 3,
      "tn": 8,
      "fn": 2
    },
    "hs_based_D_on_src": {
      "interval": [
        [
          0.04,
          0.57
        ],
        [
          0.57,
          0.94
        ],
        [
          0.94,
          1.19
        ],
        [
          1.19,
          1.49
        ],
        [
          1.49,
          2.31
        ],
        [
          2.31,
          3.35
        ],
        [
          3.35,
          4.05
        ],
        [
          5.62,
          6.44
        ],
        [
          6.44,
          7.52
        ],
        [
          8.12,
          8.7
        ],
        [
          8.7,
          9.73
        ]
      ],
      "disfluency_label": [
        1,
        1,
        1,
        1,
        1,
        1,
        1,
        0,
        1,
        1,
        0,
        1,
        1,
        0
      ],
      "f1": 0.28571428571428575,
      "precision": 0.18181818181818182,
      "recall": 0.6666666666666666,
      "tp": 2,
      "fp": 9,
      "tn": 2,
      "fn": 1
    },
    "zs_based_D_on_src": {
      "interval": [
        [
          0.04,
          0.57
        ],
        [
          0.57,
          0.94
        ],
        [
          1.49,
          2.31
        ],
        [
          2.31,
          3.35
        ],
        [
          4.05,
          4.72
        ],
        [
          5.62,
          6.44
        ],
        [
          6.44,
          7.52
        ],
        [
          7.52,
          8.12
        ],
        [
          9.73,
          9.97
        ]
      ],
      "disfluency_label": [
        1,
        1,
        0,
        0,
        1,
        1,
        0,
        1,
        1,
        1,
        1,
        0,
        0,
        1
      ],
      "f1": 0.3333333333333333,
      "precision": 0.2222222222222222,
      "recall": 0.6666666666666666,
      "tp": 2,
      "fp": 7,
      "tn": 4,
      "fn": 1
    },
    "zs_hs_based_D_on_src": {
      "interval": [
        [
          0.94,
          1.19
        ],
        [
          1.19,
          1.49
        ],
        [
          1.49,
          2.31
        ],
        [
          2.31,
          3.35
        ],
        [
          3.35,
          4.05
        ],
        [
          4.05,
          4.72
        ],
        [
          5.62,
          6.44
        ],
        [
          6.44,
          7.52
        ],
        [
          7.52,
          8.12
        ],
        [
          8.12,
          8.7
        ],
        [
          8.7,
          9.73
        ],
        [
          9.73,
          9.97
        ]
      ],
      "disfluency_label": [
        0,
        0,
        1,
        1,
        1,
        1,
        1,
        1,
        1,
        1,
        1,
        1,
        1,
        1
      ],
      "f1": 0.4,
      "precision": 0.25,
      "recall": 1.0,
      "tp": 3,
      "fp": 9,
      "tn": 2,
      "fn": 0
    },
    "ASR": {
      "disfluency_label": [
        1,
        0,
        1,
        0,
        0,
        0,
        0,
        1,
        0,
        1,
        0,
        0,
        0,
        1,
        0,
        1
      ],
      "f1": 0.5,
      "precision": 0.4,
      "recall": 0.6666666666666666,
      "tp": 2,
      "fp": 3,
      "tn": 8,
      "fn": 1
    }
  }
}